[{
  "_id": {
    "$oid": "63f789d1c299f6b8b1e5a78d"
  },
  "name": "FIU STARS",
  "email": "https://stars.cs.fiu.edu/",
  "details": "Need help in a class? STARS provides free peer tutoring in many of the required courses for Computer Science, Information Technology, and Computer Engineering. Check to see if your courses are offered!"
},
{
  "_id": {
    "$oid": "674ff43d42e21759f0e68be4"
  },
  "name": "Wyzant",
  "email": "https://www.wyzant.com/",
  "details": "Online lessons. Real–world results.\nGet real results without ever leaving the house.",
  "__v": 0
}]