[{
  "_id": {
    "$oid": "674fd3d287db6e8f488ffe1a"
  },
  "contact": "Recruiter@DoeEP.com",
  "deadline": "July 30th 2025",
  "employer": "Doe Enterprises",
  "title": "Software Engineer"
},
{
  "_id": {
    "$oid": "674ff44842e21759f0e68be7"
  },
  "title": "Web Designer",
  "employer": "The Roving Street Art Project",
  "contact": "https://www.linkedin.com/in/toddstave?lipi=urn%3Ali%3Apage%3Ad_flagship3_search_srp_jobs%3BL2%2Bcv1dvSee0ZFuTcTivEA%3D%3D",
  "deadline": "2025-01-08",
  "__v": 0
},
{
  "_id": {
    "$oid": "6750f0d0f9b9dc39b693107a"
  },
  "title": "IT Technician (Entry Level)",
  "employer": "Intel",
  "contact": "intel@outlook.com",
  "deadline": "2024-12-06",
  "__v": 0
},
{
  "_id": {
    "$oid": "6750f853f9b9dc39b69310c9"
  },
  "title": "Software Developer - AI Trainer (Contract)",
  "employer": "DataAnnotation",
  "contact": "https://www.indeed.com/cmp/Dataannotation?campaignid=mobvjcmp&from=mobviewjob&tk=1iea4g87ggd2583o&fromjk=2a733568dd69f0e2",
  "deadline": "2024-12-31",
  "__v": 0
},
{
  "_id": {
    "$oid": "6751189ec7d1ee91cef408fb"
  },
  "title": "Software Engineer Intern - Summer 2025",
  "employer": "Motorola Solutions",
  "contact": "https://www.linkedin.com/company/motorolasolutions/life?lipi=urn%3Ali%3Apage%3Ad_flagship3_search_srp_jobs%3BL2%2Bcv1dvSee0ZFuTcTivEA%3D%3D",
  "deadline": "2024-12-26",
  "__v": 0
}]