[{
  "_id": {
    "$oid": "673b9c8da0f8dd008c480788"
  },
  "name": "John Doe",
  "email": "john.doe@example.com",
  "accessLevel": "admin",
  "password": "securepassword123"
},
{
  "_id": {
    "$oid": "674fe0859079c0041e9ee38c"
  },
  "name": "Neil B",
  "email": "nb@gmail.com",
  "accessLevel": "user",
  "password": "$2b$10$c8MtWZL1EK7UwRuXRwWUZO/O4zc.3vRbqux.ZwWxqftCQoPu8qFga",
  "__v": 0
},
{
  "_id": {
    "$oid": "674fe3e19079c0041e9ee3fc"
  },
  "name": "admintest",
  "email": "admin@gmail.com",
  "accessLevel": "admin",
  "password": "$2b$10$KH2kxXqlEWyyTwGZWN2xB.hPZD2cU5pXGA6SrmhNpyC8ROuuGiYtO",
  "__v": 0
},
{
  "_id": {
    "$oid": "6750ed7bf9b9dc39b693102c"
  },
  "name": "Anjani Mogallur",
  "email": "am@fiu.edu",
  "accessLevel": "user",
  "password": "$2b$10$eFVomNtQjfByOyJxmIawpOudLKrL3EUQT3Ed/uonOto2nG0OcxxFm",
  "__v": 0
},
{
  "_id": {
    "$oid": "6750ef89f9b9dc39b693105b"
  },
  "name": "Anjani M",
  "email": "123@gmail.com",
  "accessLevel": "admin",
  "password": "$2b$10$JyKxXrELk.72YFMkSM0s5.xajOg07NBFtcH6D6Y3trMP6iGR1d5GO",
  "__v": 0
},
{
  "_id": {
    "$oid": "675107e8f9b9dc39b69310de"
  },
  "name": "John Smith",
  "email": "1234@gmail.com",
  "accessLevel": "user",
  "password": "$2b$10$FbpNQ7WM/AzGrdv8GWg84uQHGgkYc7d4S9n9yiTiJmy1daiGYlL0y",
  "__v": 0
}]