[{
  "_id": {
    "$oid": "673b9c8da0f8dd008c480790"
  },
  "name": "Academic Honors Award",
  "contactInfo": "contact@Academia.com",
  "details": "Awarded to those who display a high level of academic integrity and success. Provides a 10,000 dollar grant annually towards the student's tuition.",
  "eligibility": "Undergraduate",
  "deadline": "Apply by the first day of the Fall Semester."
},
{
  "_id": {
    "$oid": "674ff42b42e21759f0e68be1"
  },
  "name": "CollegeVine $2,000 No-Essay Scholarship",
  "contactInfo": "CollegeVine@gmail.com",
  "details": "All high school students and anyone looking to attend college next year are eligible for this no-essay scholarship from CollegeVine!",
  "eligibility": "High-School",
  "deadline": "2025-01-01",
  "__v": 0
},
{
  "_id": {
    "$oid": "6750f079f9b9dc39b693106f"
  },
  "name": "Scholarships360 $10,000 No-Essay Scholarship",
  "contactInfo": "Scholarships360@gmail.com",
  "details": "Register for the $10,000 No-Essay Scholarship in seconds from Scholarships360. All students are eligible.",
  "eligibility": "Undergraduate",
  "deadline": "2024-12-18",
  "__v": 0
}]